iter	MAE
0	13311.30392
1	13207.65149
2	13100.89172
3	12991.34995
4	12889.5076
5	12783.32306
6	12682.72357
7	12577.58973
